Agent,Time,Method,Resource,Version,Status
Mozilla/5.0 (Windows NT 10.0; Win64; x64) AppleWebKit/537.36 (KHTML- like Gecko) Chrome/64.0.3282.186 Safari/537.36,2018-03-05T18:20:15.119Z,GET,/,1.1,200
Mozilla/5.0 (Windows NT 10.0; Win64; x64) AppleWebKit/537.36 (KHTML- like Gecko) Chrome/64.0.3282.186 Safari/537.36,2018-03-05T18:20:17.791Z,GET,/,1.1,200
Mozilla/5.0 (Windows NT 10.0; Win64; x64) AppleWebKit/537.36 (KHTML- like Gecko) Chrome/64.0.3282.186 Safari/537.36,2018-03-05T18:20:18.308Z,GET,/,1.1,200
Mozilla/5.0 (Windows NT 10.0; Win64; x64) AppleWebKit/537.36 (KHTML- like Gecko) Chrome/64.0.3282.186 Safari/537.36,2018-03-05T18:20:18.769Z,GET,/,1.1,200
Mozilla/5.0 (Windows NT 10.0; Win64; x64) AppleWebKit/537.36 (KHTML- like Gecko) Chrome/64.0.3282.186 Safari/537.36,2018-03-05T18:20:19.208Z,GET,/,1.1,200
Mozilla/5.0 (Windows NT 10.0; Win64; x64) AppleWebKit/537.36 (KHTML- like Gecko) Chrome/64.0.3282.186 Safari/537.36,2018-03-05T18:20:19.648Z,GET,/,1.1,200
Mozilla/5.0 (Windows NT 10.0; Win64; x64) AppleWebKit/537.36 (KHTML- like Gecko) Chrome/64.0.3282.186 Safari/537.36,2018-03-05T18:20:20.084Z,GET,/,1.1,200
Mozilla/5.0 (Windows NT 10.0; Win64; x64) AppleWebKit/537.36 (KHTML- like Gecko) Chrome/64.0.3282.186 Safari/537.36,2018-03-05T18:20:20.491Z,GET,/,1.1,200
Mozilla/5.0 (Windows NT 10.0; Win64; x64) AppleWebKit/537.36 (KHTML- like Gecko) Chrome/64.0.3282.186 Safari/537.36,2018-03-05T18:20:20.883Z,GET,/,1.1,200
Mozilla/5.0 (Windows NT 10.0; Win64; x64) AppleWebKit/537.36 (KHTML- like Gecko) Chrome/64.0.3282.186 Safari/537.36,2018-03-05T18:20:21.401Z,GET,/,1.1,200
Mozilla/5.0 (Windows NT 10.0; Win64; x64) AppleWebKit/537.36 (KHTML- like Gecko) Chrome/64.0.3282.186 Safari/537.36,2018-03-05T18:20:21.863Z,GET,/,1.1,200
Mozilla/5.0 (Windows NT 10.0; Win64; x64) AppleWebKit/537.36 (KHTML- like Gecko) Chrome/64.0.3282.186 Safari/537.36,2018-03-05T18:20:23.191Z,GET,/,1.1,200
Mozilla/5.0 (Windows NT 10.0; Win64; x64) AppleWebKit/537.36 (KHTML- like Gecko) Chrome/64.0.3282.186 Safari/537.36,2018-03-05T18:20:23.517Z,GET,/,1.1,200
Mozilla/5.0 (Windows NT 10.0; Win64; x64) AppleWebKit/537.36 (KHTML- like Gecko) Chrome/64.0.3282.186 Safari/537.36,2018-03-05T18:21:48.543Z,GET,/,1.1,200
Mozilla/5.0 (Windows NT 10.0; Win64; x64) AppleWebKit/537.36 (KHTML- like Gecko) Chrome/64.0.3282.186 Safari/537.36,2018-03-05T18:22:10.067Z,GET,/,1.1,200
Mozilla/5.0 (Windows NT 10.0; Win64; x64) AppleWebKit/537.36 (KHTML- like Gecko) Chrome/64.0.3282.186 Safari/537.36,2018-03-05T18:23:30.846Z,GET,/,1.1,200
Mozilla/5.0 (Windows NT 10.0; Win64; x64) AppleWebKit/537.36 (KHTML- like Gecko) Chrome/64.0.3282.186 Safari/537.36,2018-03-05T18:27:04.534Z,GET,/,1.1,200
Mozilla/5.0 (Windows NT 10.0; Win64; x64) AppleWebKit/537.36 (KHTML- like Gecko) Chrome/64.0.3282.186 Safari/537.36,2018-03-05T18:28:44.536Z,GET,/,1.1,200
Mozilla/5.0 (Windows NT 10.0; Win64; x64) AppleWebKit/537.36 (KHTML- like Gecko) Chrome/64.0.3282.186 Safari/537.36,2018-03-05T18:28:48.426Z,GET,/,1.1,200
Mozilla/5.0 (Windows NT 10.0; Win64; x64) AppleWebKit/537.36 (KHTML- like Gecko) Chrome/64.0.3282.186 Safari/537.36,2018-03-05T19:27:39.598Z,GET,/,1.1,200
Mozilla/5.0 (Windows NT 10.0; Win64; x64) AppleWebKit/537.36 (KHTML- like Gecko) Chrome/64.0.3282.186 Safari/537.36,2018-03-05T19:31:33.021Z,GET,/,1.1,200
Mozilla/5.0 (Windows NT 10.0; Win64; x64) AppleWebKit/537.36 (KHTML- like Gecko) Chrome/64.0.3282.186 Safari/537.36,2018-03-05T19:33:32.492Z,GET,/,HTTP 1.1,200
Mozilla/5.0 (Windows NT 10.0; Win64; x64) AppleWebKit/537.36 (KHTML- like Gecko) Chrome/64.0.3282.186 Safari/537.36,2018-03-05T19:33:56.866Z,GET,/,HTTP 1.1,200